Tweet_id,created_at,full_text,user_id_str,user_name,user_followers_count,user_followers_level
1438497136556089345,2021-09-16 13:36:57,"@BTC_JackSparrow you don‚Äôt pick people to represent you

people take that position on their own

when you disagree with their representation you have to say it

that‚Äôs why many people view ‚Äúbitcoiner‚Äù as synonymous with ‚Äúcalls everything a scam‚Äù even though most bitcoiners aren‚Äôt like that",14527699,udiverse,95511.0,high
1438497108424863744,2021-09-16 13:36:51,"@TraderMagus ""If you want my comeback, I'd have to scrape it off your mothers teeth"" https://t.co/JI1u8jm9ku",1008431216796798977,Charlie,32267.0,high
1438497064476762113,2021-09-16 13:36:40,"#BTC Derivs Sheet (Tweet every 15 min.)
CME Delayed (10 min)
GS Delayed (15 min) and OI = SHARES OUT https://t.co/vPVGr0s3jM",1152903281837875201,BTCÊÉÖÂ†±„Ç¢„É©„Éº„Éàüìä,31941.0,high
1438497008621400065,2021-09-16 13:36:27,"Binance - BTC Market
#OG - Unusual selling activity
4.96 BTC in 2 minutes (11%)
B: 0.00018960 üî¥ (3.12%)
A: 0.00019000 üî¥ (3.26%)
24H Vol: 50.03 BTC
Last signal: 1 day ago (6/7D)",1122965827702149120,Whale Sniper,77062.0,high
1438497006637486091,2021-09-16 13:36:27,"My interview with Gabor Gurbacs, Director of Digital Assets Strategy @vaneck_us  is live!

WATCH ‚ñ∂Ô∏è https://t.co/WQKJHCMlZG

Topics:
- #VanEck's #Bitcoin ETF
- BTC's Growth &amp; Adoption
- #SEC #GaryGensler &amp; #Crypto #Regulations
- #Ripple #XRP #Lawsuit
- PointsVille, #NFTs, #CBDCs https://t.co/E8Atn3kven",946799059829960706,Tony Edward - Thinking Crypto YouTube & Podcast,56472.0,high
1438496978682335234,2021-09-16 13:36:20,"Buy Crypto With Your Credit Card / Fast Crypto Exchange 

https://t.co/GwaCvQyQbc 

#Bitcoin #BTC #ETH #XRP #Crypto 09:36 https://t.co/DMwmwcZKtu",2232163009,CoinOK,10249.0,high
1438496971916939268,2021-09-16 13:36:18,How NFTs and DeFi are Combining to Disrupt the Non-Fungible Space https://t.co/Gf7fELoFMK #BlockchainNews #Ethereum #BTC #BLockchain #BitcoinNews #Cryptocurrencynews #BCH #XRP #QASH #CryptoCurrency #ETH #CryptoNews,1114840675919511553,Crypto Currency News,8847.0,high
1438496923724488705,2021-09-16 13:36:07,"@everynewdaysk I found that very interesting too. I remember reading around that time, they were preparing for a black swan event. My best guess would be the super long shot that somehow there was a long term outage in internet, but who knows. In a situation like that $GLD booms and $BTC tanks.",935324537624829952,Mr. Alpha,2805.0,high
1438496893454241793,2021-09-16 13:36:00,"Ethereum Price Analysis: ETH Reclaims 20-Day MA Following a 3-Day Surge of 18%  

#btc #bitcoin #cryptocurrency #ethereum #‰ªÆÊÉ≥ÈÄöË≤® #„Éì„ÉÉ„Éà„Ç≥„Ç§„É≥ #Êó•ÁµåÂπ≥Âùá #„É™„ÉÉ„Éó„É´ #„Éâ„É´ #xrp #crypto #ÊöóÂè∑ÈÄöË≤® #ripple #dontstopwontstop #blockchain",884838317400915968,Now on Bitcoin,4290.0,high
1438496829453127686,2021-09-16 13:35:44,"Profit from our premium channel ‚úÖ

Binance Futures
#RVN/USDT All targets achieved üòé
Profit: 15.0148% üìà
Period: 4 Hours 13 Min ‚è∞

Join our free discord-https://t.co/BaVCNMRVZP

#blockchain #crypto #cryptocurrency #bitcoin #ethereum #ripple #LTC #ETH #NEO #forex #xrp #xbt #btc https://t.co/s5JLaL7RVi",907205244001574912,Crypto Wolfpack,18228.0,high
1438496822138343424,2021-09-16 13:35:43,"If you like my work support my sponsor and get paid, 
@primexbt

They are literally giving #TeamShardi free money, up to .5 $BTC, now 23k as a match on new deposits.  

Make money on money!

https://t.co/6lamlKGh1T

 - 50% bonus code ""TeamShardi"" up to .5 $BTC bonus",1091099554605395968,Don't follow Shardi B if you hate money,172208.0,high
1438496748318740483,2021-09-16 13:35:25,https://t.co/Qos91fUosr Cryptos About To Explode in Q4! These Altcoins You Need To Keep An Eye On! https://t.co/4FtgAQi1dg #airdrop-altcoin-ico #Bitcoin--Tron-cryptocurrency #btc-blockchain-bounty,3228663286,#Get paid to use the Web,76649.0,high
1438496713296080901,2021-09-16 13:35:17,"#cryptocurrency Top List: Bitcoin #BTC Up 0.48% to $47,995.59; #Ethereum #ETH Up 5.83% to $3,632.59; #Ripple #XRP Up 1.18% to $1.112 #bitcoinnews #BitcoinCash #bitcoinprice #Crypto #cryptocurrencies #USDT #BCH #BSV #LTC #Litecoin #BNB #EOS #XTZ #XLM https://t.co/6qxq8oZy0n https://t.co/kPun2Lwpne",438262278,Super Stocks,5144.0,high
1438496713249984519,2021-09-16 13:35:17,"Unusual #volume spike recorded in $DFI-USDT on #KUCOIN

- 13 times (49,802 USD) the average volume in $DFI - $USDT on 5m interval

$KUCOIN $crypto $BTC $ETH $DOGE

For latest alerts, checkout - https://t.co/rLLR03cU0l
https://t.co/g3Eca5nEfM",904191421158010880,Volume Alerts,39583.0,high
1438496664407482370,2021-09-16 13:35:05,https://t.co/kFDdtIhdqa El Salvador citizens protest against #Bitcoin [BTC] adoption; ATM set on fire https://t.co/VCqLHP5mBw #mining #bounty #cryptocurrency,3228663286,#Get paid to use the Web,76649.0,high
1438496621155655680,2021-09-16 13:34:55,"This is our #BTC future price forecast! -&gt; #Bitcon 6h forecast -&gt; From Sep 16, 3PM (CET) to Sep 16, 9PM (CET) we predicted the price of $BTC / $BTCUSD will be in range $46547.38 - $48709.22 (-3.1% +1.4%). https://t.co/ep1StUhyRq",1028989226841505793,ReplayCrypto.com,3374.0,high
1438496562221436929,2021-09-16 13:34:41,"Profit from our premium channel ‚úÖ

Binance Futures
#RSR/USDT All targets achieved üòé
Profit: 15.0112% üìà
Period: 8 Hours 24 Min ‚è∞

Join our free discord-https://t.co/BaVCNMRVZP

#blockchain #crypto #cryptocurrency #bitcoin #ethereum #ripple #LTC #ETH #NEO #forex #xrp #xbt #btc https://t.co/YE1G9VkpuZ",907205244001574912,Crypto Wolfpack,18228.0,high
1438496531921784838,2021-09-16 13:34:33,"Bitcoin (BTC/USD) Talking Points:
Bitcoin (BTC/USD) has risen above critical resistance after the US CPI print boosted demand for speculative assets. 
Wi...Read more: https://t.co/5vdSpvi9YW",1052519189989269504,webnowüåé,5874.0,high
1438496491170148353,2021-09-16 13:34:24,$BTC seeing an uptick in chatter on 4chan over the last 24 hoursVia https://t.co/p6iec02QvX#btc    #4chan https://t.co/IJ3UIBU89A,1214957598073589760,topstonks,2482.0,high
1438496454947926016,2021-09-16 13:34:15,@udiWertheimer I thought the whole point of Bitcoin is to not pick people to represent us?,380546370,//Bitcoin ùïµack üêê,222680.0,high
1438496443522822148,2021-09-16 13:34:12,"It's a paradigm-shifting event, Commander! The publisher of your all-time favorite MMO #InfiniteFleet will be the first to list its security token on @BFXSecurities. @ExordiumHQ's @Liquid_BTC security token $EXO goes on sale September 29th! üöÄ

https://t.co/XKnhUFaeAJ",2376662816,Infinite Fleet,9644.0,high
1438496316951175172,2021-09-16 13:33:42,Blockchain Users Shifts Focus Towards Dapp Gaming #crypto #btc https://t.co/G9llr5ukIC,4777121181,Niklas Feurstein,7714.0,high
1438496249519423488,2021-09-16 13:33:26,https://t.co/36POQXZydV Marks &amp; Spencer blames Brexit as it closes stores in France https://t.co/R5QyboV6W1 #btc #Bitcoin #cryptocurrency,3228663286,#Get paid to use the Web,76649.0,high
1438496158179942404,2021-09-16 13:33:04,#Bitcoin #BTCpriceprediction New Bitcoin price model suggests BTC won't go below $39K again https://t.co/AEv7RadZBx https://t.co/QjgOi2chBm,330555324,dumbwire CryptoNews üìü,29099.0,high
1438496156669992963,2021-09-16 13:33:04,"If you like my work support my sponsor and get paid, 
@primexbt

They are literally giving #TeamShardi free money, up to .5 $BTC, now 23k as a match on new deposits.  

Make money on money!

https://t.co/6lamlKGh1T

 - 50% bonus code ""TeamShardi"" up to .5 $BTC bonus",1091099554605395968,Don't follow Shardi B if you hate money,172208.0,high
1438496154774294529,2021-09-16 13:33:03,"$BTC

Got that reversal candle confirmed on the 1hr...still looks ok.. https://t.co/TNgcwxY5YE",1091099554605395968,Don't follow Shardi B if you hate money,172208.0,high
1438496144024240130,2021-09-16 13:33:01,"BTC/USD | $BTCUSD | $BTC $USD

18 0000 BTC

Long or short it with BTC on Trade8: https://t.co/4Ju6zGcpq3 https://t.co/Cu4fyiMYkD",1067310570695577600,Crypto Blitz,6737.0,high
1438496107605205000,2021-09-16 13:32:52,"Roundup/Thoughts on 6-7 coins coming to my Patreon later, loads of requests so might as well do a big combo video. I hope there not amazing cause I might get investor $FOMO again... 

https://t.co/b90CLhVak7 $BTC",93608509,Crypto Mobster,29595.0,high
1441060978163027972,2021-09-23 15:24:45,"Sports betting will never be the same again with Bitgame the blockchain licensed betting platform that more and more people are getting into. Would you be the last one to know? Join us now!

#Bitgame #LUT #Bitgame_bounty #BTC #Crypto #Sports @BitgameGlobal",1310230809438085120,Sweet,3139.0,high
1441060964758077440,2021-09-23 15:24:42,"üíµ1,996 #BTC (87,044,300 USD) move from unknown wallet to unknown wallet
 
Date : 2021-09-23 15:22:25 (GMT 0)
Blockchain : #BITCOIN
Symbol : #BTC
 
Detail: https://t.co/ngPtR3gkhT",1119277376108683264,ClankApp - Crypto Whales Tracker üê≥,12191.0,high
1441060961662689280,2021-09-23 15:24:41,"@GazLarking @LordFusitua Eth, ADA and SOL are made irrelevant by @Liquid_BTC because it‚Äôs more secure, feature rich and no scam coin required.

Government hard smart contracts have only ever existed in bitcoin. Taproot is just more features in the only platform that ever existed for that purpose.",920399561272594433,JW Weatherman - YetiCold.com,8773.0,high
1441060945195896838,2021-09-23 15:24:37,"First time, I am wishing that btc dips a bit.

Sub 38k.

I want to check something.",89040145,Tochukwu,2041.0,high
1441060863423619074,2021-09-23 15:24:18,"$TRX trend is relatively strong and the uptrend has not been broken, but the rally is not very voluminous and short-term risks still need to be borne in mind.
Support 0.092
Pressure 0.105
#BTC #TRON https://t.co/cgUYOjpWRg",1326748705265905667,Crypto Lewis üèπ,9877.0,high
1441060854292787202,2021-09-23 15:24:15,"https://t.co/bjh4v4T8is Former Monero Developer Spagni Released From US Prison, Pledges to Address Fraud Allegations https://t.co/bY5tQ4lVMf #cryptocurrencies #btc #bounty",3228663286,#Get paid to use the Web,76603.0,high
1441060726760611846,2021-09-23 15:23:45,"@tnatw - #Egyptian startups crushing it! This could have been a great intermediary step for #elsalvador instead of USD to very volatile BTC, without making sure they had access to the financial services they need to gain control of personal resources.

https://t.co/PqpFfO3jPc",705467506794717184,Alexandra Damsker,2442.0,high
1441060666937380869,2021-09-23 15:23:31,"$CELO / BTC Volume increase detected!

Spike: 7.81 BTC
24h Vol: 226.88 BTC

Get ALL the alerts here: https://t.co/2NPcHHX7r0

#crypto #bitcoin #binance #altcoins #hodl #defi #trading #freedom #blockchain $btc $xtzup $celr $slp $ar $bar $luna $xtz $atom $coti https://t.co/Fx9VEE7Zz0",1265097730642321414,VolumeMonitor.com üöÄ,20994.0,high
1441060630727847946,2021-09-23 15:23:22,I warned you... https://t.co/OonxT2GLXx,66809779,Deezy,8814.0,high
1441060611379523590,2021-09-23 15:23:18,@PeterLBrandt He's clowning #btc,1064374697138114560,jinxed cat,7216.0,high
1441060590026252291,2021-09-23 15:23:12,"Ripple/XRP-Breaking-Evidence SEC`s J Clayton Directed Firm To Draft Memo Gave Advantage To BTC &amp; ETH

https://t.co/cDKgwQLmzO

#XRP #BTC  #ETH  #BCH #LTC #xrpthestandard #ripple #ripplenews #DigitalPerspectives #Crypto #Financial #Investing @CGasparino https://t.co/gACgB16qnS",989178055393497091,Digital Perspectives Researcher/Wild Speculator,83441.0,high
1441060561383530500,2021-09-23 15:23:06,"$jar is for scam don't buy, sell now

#kucoin $algo $BTC $eth $mkr $aave $comp $uni $link $xrp $doge $icp $ect $snx $sol $mln $qnt $farm $yfi $forth $storj $fil $DOGE $MATIC $BNB $SOL $LINK $FTM $strong $BTC https://t.co/v7ncUMtZsx",464919511,Vario Maquerizo,2454.0,high
1441060541972242433,2021-09-23 15:23:01,#XTZ $XTZ /BTC 4H TF is mooning https://t.co/e26kTup5F3,942966319229566977,‚ùñRATICOINüìà #BNB 1000 USD,24211.0,high
1441060525392027650,2021-09-23 15:22:57,@JLBtc @h_bitcoiner @CryptoWizardd @Im_Fuga @Teaching_Crypto @CryptoMagnified @MiddleChildPabk @MrCoingrats @BTC_Bubble @bitcoin_whales @DarkMatter_CO @iMentor4u @DeFiGuy5 @coinballers @rahulsharmakbj @the_coinmaster @CredibleCrypto @CryptoHunterTR #FF came early this week! Thanks bros üòéüëä https://t.co/AxDzMnxk4c,936984765382701057,üÖ±Ô∏èIG CRYPTO T üî•üöÄüåñ,13195.0,high
1441060507524419589,2021-09-23 15:22:53,@hugosway Apple and BTC.,1099418440371236865,MOfxTrader,2948.0,high
1441060385126174729,2021-09-23 15:22:24,$BTC flirting with resistance here. https://t.co/ABBq5Bso0B,210623431,Johnny,243893.0,high
1441060321527943172,2021-09-23 15:22:08,"üêãüìâ„ÄêSell„Äë BTCUSDT
QtyÔºö$2,104,124Ôºà47.8 BTCÔºâüê≥üê≥üê≥üê≥
PriceÔºö$44,000
[15:22:08 UTC] on Binance Futures",1086688639621316608,BTC Market Alertüö®,25517.0,high
1441060275701092353,2021-09-23 15:21:57,"üíµ$2,500,000 $BTC SHORTED @$44068.36 [23/09/21 15:21:57]
üè∞Deribit | BTC-PERPETUAL

üí¨The higher the price you pay the more you cherish it - LeveragedTrades",968796006576947200,WhaleTrades üê≥,134199.0,high
1441060237121708036,2021-09-23 15:21:48,"Buy BTC With Your Credit Card / Fast Crypto Exchange 

https://t.co/GwaCvQyQbc 

#Bitcoin #BTC #ETH #XRP #Cryptocurrency 11:21 https://t.co/9XfRTb6u1q",2232163009,CoinOK,10258.0,high
1441060206478196740,2021-09-23 15:21:41,"#BTC Derivs Sheet (Tweet every 15 min.)
CME Delayed (10 min)
GS Delayed (15 min) and OI = SHARES OUT https://t.co/oYa6zj0uv9",1152903281837875201,BTCÊÉÖÂ†±„Ç¢„É©„Éº„Éàüìä,32020.0,high
1441060163654459392,2021-09-23 15:21:31,"$HTR | $BTC: #HTR is looking good vs. #BTC at the moment. Price appears to be trending in an ascending broadening wedge pattern and has held diagonal support. If price breaks out of the falling trend channel, I'd look for an acceleration to the upside to follow. #Hathor https://t.co/EncnUiezuD",936984765382701057,üÖ±Ô∏èIG CRYPTO T üî•üöÄüåñ,13195.0,high
1441060121920958464,2021-09-23 15:21:21,"#naturalgas  #positional 60M &amp; b5M #Intraday chart with SSG/SG levels in yellow line, Value at left side

#SGLogic works everywhere, watch below chart
positional SSG/SG crossover pending 

#SGLEVEL #Traders #Banknifty #Markets #OptionsTrading #gold #silver #BTC #bullish #startup https://t.co/9HyDuwDtc6 https://t.co/bMrCQTTEJy",1023813476,Rajendra Agarwal,2841.0,high
1441072669768753155,2021-09-23 16:11:12,"@MotleyInvestor Here's where I struggle: for ERC-20, BEP-20 &amp; other tokens, we're not counting project-controlled tokens as circulating. If we did for other projects what we're doing for hex (i.e. counting the OA tokens as circulating), there would be 10+ projects above BTC &amp; HEX in market cap.",14280977,clay.c/,27524.0,high
1441072565431128067,2021-09-23 16:10:48,@ronnie_184 @HeroFiio @Cronald81 @CoinLAB_Offi @launchzoneann Let do the mating things together,1017272628900388864,FinnBTC,7531.0,high
1441072450918227977,2021-09-23 16:10:20,"Crypto market sentiment has briefly picked up, which altcoins chart analysis would you like to see. Leave a message in the comments section and I will do the analysis tomorrow.#Altcoins #Crypto #BTC",1397073609739235331,Crypto Line üìà,9374.0,high
1441072410451533832,2021-09-23 16:10:11,Crypto Trading Now Official in Dubai Following Regulators' Agreement - https://t.co/qK3LZQKiT1 $BTC #fintech #finance #trading,771502019471220736,CryptoNewswire üåê,9428.0,high
1441072405426974720,2021-09-23 16:10:09,"Chiefra don‚Äôt miss ‚úÖ 

$BTC short alerted in the premium group. 

90 minutes later‚Ä¶ TP 1 hit! ‚úçÔ∏è

#BTC¬† #Bitcoin https://t.co/Ge8CLGSY6n",1417594995503210499,chiefraT,2582.0,high
1441072403715657729,2021-09-23 16:10:09,BTC crash: Was it actually Evergrande? - https://t.co/CwlIafWdOe $BTC #trading #finance #news,771502019471220736,CryptoNewswire üåê,9428.0,high
1441072397176741891,2021-09-23 16:10:07,"$BTC trying to reclaim the BPRO baseline üëÄ
BVWAP (5 dots) is my target https://t.co/FBjINxjKSf",15311202,Jimie,10785.0,high
1441072381481525251,2021-09-23 16:10:04,Economist Calls Bitcoin ‚ÄúA Nobel Prize-Winning Diversification Strategy‚Äù :- https://t.co/nLpP3lX6IH #Crypto #Trading,10133922,Lion Asset Management,6154.0,high
1441072373894103040,2021-09-23 16:10:02,"Bitcoin BTC Current Price:
$43,816.51

1h: -0.77%
24h: +1.33%
7d: -8.91%
30d: -9.36%

#btc #bitcoin",902975952438865924,aWebAnalysis | Crypto,4230.0,high
1441072360304480259,2021-09-23 16:09:59,@Benaskren Last Time you won one BTC was below 20k! Haha,954536058481356802,Crypto Rick - The Crypto Hunter,5493.0,high
1441072342004760581,2021-09-23 16:09:54,MY BOYZ at IBEX Mercado!  #BTC https://t.co/JaMyLNsChX,843623576901160961,pleb_Greg Foss üá®üá¶ / üá∏üáªüåã,35875.0,high
1441072265026682889,2021-09-23 16:09:36,"$100,000 for one Bitcoin is still feasible this year!

$BTC",369744593,Zoey Phillips,9407.0,high
1441072229538795524,2021-09-23 16:09:28,"Nearly 80% of my experimental crypto portfolio is underwater. Not a big surprise. Have acquired quite a few new positions at prices which a lot of people would have thought were ridiculously low a few weeks ago.

I had been expecting a drop based on the shape of the $BTC price.",9376622,Terry Kinder,57095.0,high
1441072193677447175,2021-09-23 16:09:19,"Bloomberg analysts are saying #Bitcoin will hit $100,000 next month after the $BTC ETF is approved. 

I will literally eat an entire jar of mayonnaise on live stream if this actually happens! 

FYI, this pretty much aligns with my #BTC projections... 

LFG family!",2377034803,"8,731-541üéØ (96.6%) / #1 CRYPTO SIGNALSüåé/ DM WIN",7164.0,high
1441072193115332613,2021-09-23 16:09:19,"$BAT
An unusual limit order (sell) added to the order book has been detected.
2021-09-23 4:09PM | $BAT @ 0.000083 BTC | Qty: 250,964 | Value: 20.83 BTC | 418% away from the current price!
#BAT #BTC #cryptocurrency #Crypto",1377657927926943745,CryptoDev,2637.0,high
1441072160903155722,2021-09-23 16:09:11,Added more spot $BTC (43800),1264115489967652866,0xd0n,12921.0,high
1441072140447453197,2021-09-23 16:09:06,"ü™ô FTX Lending

Price: $43,878
Funding Rate (%/year)
„ÄÄBTC: 3.00% ($0.34B)
„ÄÄETH: 4.00% ($0.33B)
„ÄÄUSD: 7.00% ($1.37B) https://t.co/70eBLUgnH9",1152903281837875201,BTCÊÉÖÂ†±„Ç¢„É©„Éº„Éàüìä,32021.0,high
1441072129777274881,2021-09-23 16:09:04,@SavageBTC Very good point. It's  not like we get paid to do this lol,970943229184086016,Crypto_y_tho .2.0.,11309.0,high
1441072090870861828,2021-09-23 16:08:54,"Blacklisted Suex Addresses Received Over $900 Million in Crypto, Report Reveals ‚Äì Bitcoin News
#bitcoin #ethereum #cryptocurrency #blockchain #btc #iNf4mation https://t.co/29RZoVDia2",1012626486996750336,iNf4mation,35395.0,high
1441072066522931202,2021-09-23 16:08:49,"I‚Äôm really fired up for this new @ConvexFinance vault to launch.

‚û°Ô∏èHandles CVX locking/unlocking for users

‚û°Ô∏è Earns Badger rewards on top

‚û°Ô∏è Earns interest bearing CVX &amp; CRV

‚û°Ô∏è Becomes the largest voter for @CurveFinance BTC pool rewards

Anyone with CVX or BTC in CRV will ‚ù§Ô∏è https://t.co/34LiNM0WIN",92846922,Spadaboom,8204.0,high
1441072046637608970,2021-09-23 16:08:44,Trading and losing my money is even far better than having a nice conversation with a girl. That‚Äôs how far I‚Äôve gone ü§≤üö∂‚Äç‚ôÄÔ∏è. We all have our addictions $BTC,474336510,Sanruk Musa ‚ú®üèñ,11713.0,high
1441072043886272514,2021-09-23 16:08:43,"[SCAN RESULTS - 4h]

Exchange: #KuCoin

Top 5 bullish trend (#BTC pair)
1: $DERO
2: $UQC
3: $BNS
4: $PCX
5: $SENSO

Top 5 bullish trend (#USDT pair)
1: $AXC
2: $DERO
3: $NGM
4: $MAN
5: $FCL

Ranking for #KuCoin symbols not listed on #Binance",948551073387642880,DYOR.net Dev & Bot,69913.0,high
1441072024005320709,2021-09-23 16:08:39,Only spot holdings are $ETH $BTC $AVAX $SOL [from much lower] and some extra risky ALTs I won‚Äôt shill.,995500158417711104,Loma,203084.0,high
1441072005328084994,2021-09-23 16:08:34,@LSDinmycoffee I've not btc normally lags on the rises though. So maybe all isn't lost https://t.co/TkV7fbLmBr,970943229184086016,Crypto_y_tho .2.0.,11309.0,high
1441071973551927302,2021-09-23 16:08:26,"Are you a crypto loving Product Manager who wants to be paid in #btc? Come work with me at the coolest company in crypto! DM‚Äôs are open!
https://t.co/uUMhldPTPh",26917470,Erica Lindgren,13009.0,high
1441071953184313348,2021-09-23 16:08:22,https://t.co/0FjvSiwONC White Hat Hacker Reveals High-Risk Vulnerability on SushiSwap https://t.co/pNyaQl8y53 #blockchain #xrp #btc,3228663286,#Get paid to use the Web,76604.0,high
1441071928756764673,2021-09-23 16:08:16,"$1k invested into the Top 10 Cryptos on January 1st, 2020 Up +847% (Aug Update - Month 20) https://t.co/cau4VJpD58 üöÄ Bet with $BTC via ‚ü∂ https://t.co/4h0cyuWSHk ‚àö",15977038,Crypto Trader Pro üá∫üá∏,29117.0,high
1441071923283120135,2021-09-23 16:08:14,What does life-changing money mean to you? https://t.co/ppGrqKd51m üöÄ Bet with $BTC via ‚ü∂ https://t.co/4h0cyuWSHk ‚àö,15977038,Crypto Trader Pro üá∫üá∏,29117.0,high
1441071917696311303,2021-09-23 16:08:13,I don‚Äôt feel like Tezos gets enough credit https://t.co/gNQdPxfwDJ üöÄ Bet with $BTC via ‚ü∂ https://t.co/4h0cyuWSHk ‚àö,15977038,Crypto Trader Pro üá∫üá∏,29117.0,high
1441071912218624000,2021-09-23 16:08:12,Our Lady of Las Mercedes https://t.co/RSYSOF1WZI üôã Bet with $BTC via https://t.co/4h0cyuWSHk ‚àö,15977038,Crypto Trader Pro üá∫üá∏,29117.0,high
1441071904597569549,2021-09-23 16:08:10,Constitution Day https://t.co/oPz0s1EOuf üôã Bet with $BTC via https://t.co/4h0cyuWSHk ‚àö,15977038,Crypto Trader Pro üá∫üá∏,29117.0,high
1441071899354689543,2021-09-23 16:08:09,"üêãüìà„ÄêBuy„Äë BTCUSDT
QtyÔºö$1,222,236Ôºà27.8 BTCÔºâüê≥üê≥
PriceÔºö$43,832.88
[16:08:09 UTC] on Binance Futures",1086688639621316608,BTC Market Alertüö®,25517.0,high
1441071896863199234,2021-09-23 16:08:08,Inflation Rate MoM https://t.co/IO1DTMMllK üôã Bet with $BTC via https://t.co/4h0cyuWSHk ‚àö,15977038,Crypto Trader Pro üá∫üá∏,29117.0,high
1441071875904335872,2021-09-23 16:08:03,"BTC crash: Was it actually Evergrande? | Watch The Market Report live w/ Eric Crown

#blockchain #dlike #cryptocurrency
https://t.co/twa2jkR8vh",37983966,TRON AGE,7018.0,high
1441071869508079618,2021-09-23 16:08:02,https://t.co/0FjvSifdW4 BitFuFu Attended the 2021 Digital #Mining Conference https://t.co/csL1dQFHRH #blockchain #btc #bounty,3228663286,#Get paid to use the Web,76604.0,high
1441071815451979785,2021-09-23 16:07:49,"The final shake out, dont let them shake you out!
Join our signals and training platform now.
https://t.co/pNrfYKNFkQ

#crypto #bitcoin #cryptocurrency #blockchain #btc #ethereum #forex #money #trading #bitcoinmining #cryptocurrencies #cryptotrading #bitcoinnews #investment",462751117,Victory Trading,11829.0,high
1441071813115592710,2021-09-23 16:07:48,"HUGE move on the US 10Y breaking out of an ascending triangle.  

Know what happened to risk on assets like #btc last time the 10Y broke out of that downward parabola on July 20th?  

üëÄüëÄüëÄüëÄüëÄüëÄ https://t.co/M7YnGNlQeB",1006231932722544640,Pump It,1952.0,high
1441071782224666626,2021-09-23 16:07:41,"@BTC_y_tho Not here thats for sure. I just laugh at a lot of people who contradict me usually. Because I‚Äôve come to realize explaining to them why they are wrong is a waste of time. Like you, I get burnt out and it‚Äôs important we respect our own time",1130997943153111040,‚Çøitcoin Savage,12575.0,high
1441071652377284609,2021-09-23 16:07:10,"@BtcChewy @DickWhitman_BTC Use OPM! Other People's money. Credit cards, loans, etc. :)",1174481144122937354,Roland,8039.0,high
1441071639513370625,2021-09-23 16:07:07,"A great project with a hardworking and talented team. I see a team that is highly reliable and experienced in managing this project.
#Bnbfintech #cryptocurrency #blockchain #btc #defi #bounty https://t.co/to3CSS7yM8",1012263694502223873,Kamal Pasha,6521.0,high
1441071636762054659,2021-09-23 16:07:06,"$jar will drop 100% or more, it may go to 0

$sand   $iotx $uni $sushi $sc $xvg $ckb $phb $ltc $inch $dot $sol $btc  $ubt $rune $nano $eth $mwc $bake $dot $etc $zil $btc $wtc $link $anp $dcn $ersdl $troy $pols $eos $one $LINK $BAND$BUSD $UNI $ONE $WAVES $STARS $RAMP $ELA $SKL https://t.co/00bqIIRVi2",710773829262516224,Lucy Heartifilia,6438.0,high
1441071634048339974,2021-09-23 16:07:06,"$jar awful news, scam coin

$snx $bwx $amp $hbar $icx $kcs  $DOT $ICP $BCH $LTC $UNI $LINK $XLM $VET $SOL $ETC $EOS $THETA $ETC $TRX $FIL $SHIB $XMR $NEO $DOGE $MATIC $KSM $STRONG $SRX $PRE $KDA $oxen $ubt $LTC$ARK $CELO $HBAR $LINK $BTC $MANA $MAID $UMA $NEO https://t.co/TBFMhK7omE",783682767372509186,eza naino,4702.0,high
1441071587105460229,2021-09-23 16:06:54,"#Bitcoin seems to be quite struggling at the moment with very less volume confirmation for a break-out attempt. However, we cant say anything in trading especially in crypto.

For now, be patient until:

1/ $BTC successfully breaks out
2/ $BTC retests the previous support/bottom https://t.co/s9pAJAMOjg",747603876602216448,VUX,3408.0,high
1441071581367869443,2021-09-23 16:06:53,@ChronosAion @Btc_grinder @novacryptoo Educational purpose right?,1105248273714024448,kasperbitüêß,3224.0,high
1441071556134801409,2021-09-23 16:06:47,"Buy Crypto With Your Credit Card / Fast Crypto Exchange 

https://t.co/GwaCvQyQbc 

#Bitcoin #BTC #ETH #XRP #Crypto 12:06 https://t.co/DYCkb6bugs",2232163009,CoinOK,10258.0,high
1441071548874514441,2021-09-23 16:06:45,BTC crash: Was it actually Evergrande? | Watch The Market Report live w/ Eric Crown https://t.co/fx46vM4c2D,1324165219,BITCOIN KOREA | ICO Advisor | Altcoin Expert,4036.0,high
1441071526925651973,2021-09-23 16:06:40,"#BTC Derivs Sheet (Tweet every 15 min.)
CME Delayed (10 min)
GS Delayed (15 min) and OI = SHARES OUT https://t.co/m02iouzMjj",1152903281837875201,BTCÊÉÖÂ†±„Ç¢„É©„Éº„Éàüìä,32021.0,high
1441071508231704576,2021-09-23 16:06:36,"@SavageBTC good lad, yeah exactly. I'd be happy to have a discussion with someone with clear data and facts but obv that isnt going to happen",970943229184086016,Crypto_y_tho .2.0.,11309.0,high
1441071439122206720,2021-09-23 16:06:19,"#Binance Will Delist #PPT &amp; #SWRV on 2021-09-30 !!! 

#BTC #BNB #ETH #SOL #CoinMarketCap",1493015378,Gul Gee,3659.0,high
1441071424370839552,2021-09-23 16:06:16,"[SCAN RESULTS - 4h - #BTC PAIR]

Exchange: #Binance

Top 5 bullish trend strength
1: $CDT
2: $CELR
3: $COTI
4: $SCRT
5: $AVAX

Top 5 bullish reversal strength
1: $NEAR
2: $OCEAN
3: $BAR
4: $ASR
5: $FUN

All results for free on https://t.co/vMSA8RwQ1G website!",948551073387642880,DYOR.net Dev & Bot,69915.0,high
1441071377411284996,2021-09-23 16:06:04,"A new and innovative financial technology company centered around cryptocurrency. Here at bnb fintech, and aim to become the future of face-to-face and point-of-sale cryptocurrency payments.
#Bnbfintech #cryptocurrency #blockchain #btc #defi #bounty
https://t.co/ARgSg4Y8lq",1012263694502223873,Kamal Pasha,6521.0,high
1441071362043363336,2021-09-23 16:06:01,"S&amp;P 500 | $SPX500USD | $SPX500 $USD

VIEW ON NASDAQ &amp; SPX500

Long or short it with BTC on Trade8: https://t.co/MIe9xnmvtO https://t.co/uFq2XfCT7y",1067310570695577600,Crypto Blitz,6813.0,high
1441071316375949321,2021-09-23 16:05:50,"$XTZ is in a very healthy uptrend, try to take a small position at current price, stop loss below $5.3, first target $8, leave if resistance at $8, continue to hold if breakout is effective, long term bullish. Short term support $6.11, pressure $8. #XTZ #BTC https://t.co/z1SFj21LVD",1374759963114008579,Crypto Hunterüèπ,8028.0,high
1441071303008694272,2021-09-23 16:05:47,"Reddit_BitcoinBeginners ü§ñ: Am new to btc , try trading with 2BTC and the brokers company says my profit will be 4-5 BTC , How is that possible ?, need to be clarified https://t.co/NTBt6zGY9c",874466356220968961,Cryptowire - BTC Class of 2013,2290.0,high
1441071263716421633,2021-09-23 16:05:37,"üìâüí∂$2,189,500 $BTC SHORTED @$43790.0 [23/09/21 16:05:37]
üè™FTX | BTC-PERP

üó£Ô∏èBitcoin is worse than tulip bulbs. ‚Äì Jamie Dimon",968796006576947200,WhaleTrades üê≥,134212.0,high
1441071241650073611,2021-09-23 16:05:32,Lightning Network Plus: Node Channel Liquidity Management | BTC Sessions @BTCsessions #Bitcoin #LightningNetwork #LightningNode #UmbrelNode https://t.co/vfaTzGOUEK,201830233,Andrew Wang | Financial Advisor,7749.0,high
1441071209383346202,2021-09-23 16:05:24,ETH/BTC and ‚ÄúLa Resistance‚Äù https://t.co/zR1ob34ZVv,1097488661699006464,The Bitcoin Street Journal,10745.0,high
1441071124758941702,2021-09-23 16:05:04,BTC crash: Was it actually Evergrande? | Watch The Market Report live w/ Eric Crown https://t.co/zbncUJCIQ7,248864782,Crypto Tech Show,33974.0,high
1441071123773333504,2021-09-23 16:05:04,"At what point along BTC's adoption curve is it OK to bring everyone in?

Doesn't your position result in bitcoiners attacking bitcoiners for not being pure enough? Might that not do more harm? I'm sick of it and am thinking about quitting the movement but keeping my bitcoin.

3/3",1242457597719924736,log scale üá∏üáª,16840.0,high
1441071118337576962,2021-09-23 16:05:03,"Raise your game with a welcome bonus!

Whatever your game is, we‚Äôve got you covered with a massive welcome bonus of up to 5  $BTC - available now in nine cryptocurrencies!

‚ü∂  via https://t.co/2ISC59OUo9 ‚àö

$cake $like $skl $dna $dvpn $vlk $cel $usdc $movr $ohm $tusd $pac $icp https://t.co/URL2D89Sg8",121158213,"Trade Alerts, Trade Ideas and Crypto üá∫üá∏",159365.0,high
1441071086397972482,2021-09-23 16:04:55,"Which one is your favourite gem? üö®üíé 

@nftbstoken 
 
@ApeBlock 
 
@yayprotocol 
 
@rainbowtokenbsc 
 
#BTC  #BNB  #NFTBOOKS #NFT #BSCGem  #Yaygang #CryptoGem #BlockApeScissors #Play2earn #rainbowtoken #CoinMarketCap",1176002511817203714,Thomas Koning üöÄ Mr Pump,106939.0,high
1441071039577010176,2021-09-23 16:04:44,"@Kr3py @btc_charlie Solo quads it is now, rest is boring brah üëÄ",947098577540657152,ALTBTCùïîùï™ùïîùïùùïñùï§ üîÑ,96384.0,high
1441071030605426695,2021-09-23 16:04:42,#Binance PUMP ALERT: $CVC / $BTC volume has increased by 29.95% in the past five minutes. Price is up 0.20%.,1365638293988270084,Crypto Volume Analyzer,4759.0,high
1441071010292412430,2021-09-23 16:04:37,"Binance - BTC Market
#CVC - Unusual buying activity
4.76 BTC in 15 seconds (19%)
B: 0.00001007 ‚ùá (1.72%)
A: 0.00001010 ‚ùá (1.81%)
24H Vol: 28.96 BTC
Last signal: 21 hours ago (4/7D)",1122965827702149120,Whale Sniper,78088.0,high
1441070985201917954,2021-09-23 16:04:31,@BTC_y_tho Great man. Fk the haters. Half those comments don‚Äôt even put up a chart. SMH,1130997943153111040,‚Çøitcoin Savage,12575.0,high
1441070971843088390,2021-09-23 16:04:28,"Binance Futures BTCUSDT
PriceÔºö$43,798.5
BasisÔºö-0.02%
OIÔºö$2B
OVÔºö45.8k
Taker BuyÔºö56%
Top Trader Pos LongÔºö52%
Top Trader Acc LongÔºö54%
Global Acc LongÔºö54%
Top / Global RatioÔºö-0.1415
FRÔºö0.01%Ôºà9/24 0:00 UTCÔºâ
InsuranceÔºö$447.1M https://t.co/JaZkbPJ3Ir",1152903281837875201,BTCÊÉÖÂ†±„Ç¢„É©„Éº„Éàüìä,32021.0,high
1441070948493381638,2021-09-23 16:04:22,https://t.co/wePvvCAjNP #BTC crash: Was it actually Evergrande? | Watch The Market Report live w/ Eric Crown https://t.co/ojxmAEkb7g #LightningNetWork #Bitcoin,3228663286,#Get paid to use the Web,76604.0,high
1441070910283321346,2021-09-23 16:04:13,BTC crash: Was it actually Evergrande? | Watch The Market Report live w/ Eric Crown #crypto #btc https://t.co/og9aYelIDS,4777121181,Niklas Feurstein,7703.0,high
1441070866570285060,2021-09-23 16:04:03,@dudebruhwhoa decent chance,970943229184086016,Crypto_y_tho .2.0.,11309.0,high
1441070853337362450,2021-09-23 16:03:59,"Increase your exposure when farming the hottest pairs on #Fantom

Up to 3.5 x leverage using pools from @Spirit_Swap and @SpookySwap

Choose what you borrow to tailor your position.

Or lend your $USDC $FTM $BTC + $ETH to our banks and earn interest on these with no fees. https://t.co/0KItkwbmUI",1362913983435472896,eleven.finance,11823.0,high
1441070839265255428,2021-09-23 16:03:56,"Bitcoin hodlers are about to spark a run to new BTC price highs, data suggests https://t.co/3fzsh9RABN via @cointelegraph",122694597,Ric Bender,7020.0,high
1441070743165358080,2021-09-23 16:03:33,"Blacklisted Suex Addresses Received Over $900 Million in Crypto, Report Reveals https://t.co/yXAEcFWChR #News #broker #BTC #cofounder",1466726246,Coinboard,6102.0,high
1441070741160701952,2021-09-23 16:03:33,"Binance - BTC Market
#BEL - Unusual buying activity
2.71 BTC in 7 minutes (11%)
B: 0.00004021 ‚ùá (3.10%)
A: 0.00004042 ‚ùá (3.46%)
24H Vol: 27.33 BTC
Last signal: 12 hours ago (4/7D)",1122965827702149120,Whale Sniper,78088.0,high
1441070677386223616,2021-09-23 16:03:17,"‚û°Ô∏è$100K #Bitcoin Early As Next Month, Says @MikeMcGlone11 in Intv w/@DanielaCambone!üöÄ

‚û°Ô∏è#BTC &amp; #Ethereum Looking Strong as Institutional Crypto Activity Hits Critical Mass, Says @Novogratz!üòé

‚û°Ô∏è""84% of $BTC have not moved in +3 months.""-@BTC_ArchiveüêÇ

https://t.co/8E0wxmyUUI https://t.co/nvmQihYpgB",1172632615393865730,Crypto News Alerts üî•üéô,16938.0,high
1441070654015614980,2021-09-23 16:03:12,Buy #FTX Token ‚ù§Ô∏è Crypto name : $FTT #FTT üòâ road to $100 soon.. giving you another signal.. #MercedesAMGF1 #GulGee #BinanceSmartChain #Binance #CoinMarketCap #Coinbase #CoinGecko #BTC #BNB #ETH #SOL #SHIBARMY #dogecoin #doge https://t.co/fQajmFkb5e,1493015378,Gul Gee,3659.0,high
1441070649477251073,2021-09-23 16:03:11,üèÑ BTC Futures Curve https://t.co/pRrdbbETre,1152903281837875201,BTCÊÉÖÂ†±„Ç¢„É©„Éº„Éàüìä,32021.0,high
1441070635371819023,2021-09-23 16:03:07,This is how we scale! #Bitcoin #LightningNetwork https://t.co/969ItDNVh6,2200360908,Bitcoin LightningNetwork+ News ‚ö°Ô∏è,11686.0,high
1441070634981728259,2021-09-23 16:03:07,"@weenz0 Yeah, I can't call if BTC goes up or down so USD wise could go either way",970943229184086016,Crypto_y_tho .2.0.,11309.0,high
1441070627339870210,2021-09-23 16:03:06,"don't you ever buy $jar , it scam
$BTC $xrp $ada $dot $theta $luna $link $AVAX $MATIC $SOL $DOT $WAVES $NEO $BNB $DASH $ADA $LINK $iotx $btc$rev $rsr $xvg $iost $ren $sand $dent $med $glm $ocean $woo $vtho $ckb $btmx $stmx $BTC $ETH $DOT $LINK $BNB $EGLD $XLM $VET $RUNE https://t.co/1HCP99zjA7",1004779638,Familia Auryner,2460.0,high
1441070618007375877,2021-09-23 16:03:03,@wgm_v I‚Äôm just excited for this so that I can get my BTC and ETH out of Robinhood finally,379369790,Alec Ploof,2665.0,high
1441070615314800641,2021-09-23 16:03:03,"$BEL volume boost!
41 times the average volume in #BEL to $BTC pair (Binance) üëÄ
Net 5 min volume: +1.653 BTC #Bitcoin
24h Vol: 28.28 BTC https://t.co/MR7ZS10nOX",1128258178255183872,Coin Sonar,24644.0,high
1441070611095298056,2021-09-23 16:03:02,"S&amp;P 500 | $SPX500USD | $SPX500 $USD

Spx possible bearish move

Long or short it with BTC on Trade8: https://t.co/7IRjHNUtDw https://t.co/XUfEEfjfTV",1053454356878479361,Prime Trader,6546.0,high
1441070551972335616,2021-09-23 16:02:48,#Binance PUMP ALERT: $CVC / $BTC volume has increased by 21.29% in the past minute. Price is up 3.06%.,1365638293988270084,Crypto Volume Analyzer,4759.0,high
1441070540299591681,2021-09-23 16:02:45,"SELLING activity
MARKET CVC Binance
Duration: 29 min
Maker sell 12.29%
Volume 24h: 28.82 BTC
Sold: 3.54 BTC

Market: https://t.co/kEnR2kr9gE
$CVC #cryptotrading #bearish #binance",1034745368217628672,ExchangeDog,5170.0,high
1441070533597188107,2021-09-23 16:02:43,"@SavageBTC Hey mate, hows things?",970943229184086016,Crypto_y_tho .2.0.,11309.0,high
1441070514320064513,2021-09-23 16:02:39,"@wariorrgirll @3088shane Built on Ethereum, but our trading pairs are USDT/BTC/ETH",1380798683936067586,Quannabu,11770.0,high
1441070509056270339,2021-09-23 16:02:37,"@BTC_Archive We remember this time. As then, so now, many dissuaded and doubted. Tell me, is it important for you to look at the locked liquidity?",1364580656739733506,CryptExLocker,4178.0,high
1441070487904288768,2021-09-23 16:02:32,"üìä Bitcoin - Spot Exchanges In/Outflow

Price: $43,851
Unconfirmed Tx: 6,592

‚óè Spot Exchanges
„ÄÄinflow: 443 btc
„ÄÄoutflow: 1,209 btc

‚óè Coinbase Pro
„ÄÄinflow: 151 btc
„ÄÄoutflow: 166 btc https://t.co/1MlyrdJj6Q",1152903281837875201,BTCÊÉÖÂ†±„Ç¢„É©„Éº„Éàüìä,32021.0,high
1441070442521972739,2021-09-23 16:02:21,"Something to note. 

BTC often falls with SPX but lags behind when SPX recovers. https://t.co/MzLcEeCycp",970943229184086016,Crypto_y_tho .2.0.,11309.0,high
1441070439460184081,2021-09-23 16:02:21,@BTC_y_tho Hey bro‚úåüèªüòò,1130997943153111040,‚Çøitcoin Savage,12575.0,high
1441070433256689664,2021-09-23 16:02:19,"üü¢üü¢ Long $XRP  üü¢üü¢
Frame: 4h
Price: 0.983
#BTC #XRP #BinanceFutures #botSignals https://t.co/VgyR4k8yZG",1364954554215841809,Scalping Signals Bot,3280.0,high
1441070420501827592,2021-09-23 16:02:16,"ü§ñ Btc - Buy vs Sell (Spot vs Derivs)

Price: $43,795

Spot Vol.
„ÄÄBuy: $82.2M
„ÄÄSell: $68.3M

Derivs Vol.
„ÄÄBuy: $361.9M
„ÄÄSell: $465.9M

USDT Vol.
„ÄÄBuy: $43M
„ÄÄSell: $19.3M

(Latest 1 hours of data) https://t.co/rmSFP1ymru",1152903281837875201,BTCÊÉÖÂ†±„Ç¢„É©„Éº„Éàüìä,32021.0,high
1441070386913943558,2021-09-23 16:02:08,"$jar is not for buying at all, going to 0
 $BTC $xrp $ada $dot $theta $luna $link $MKR $SUSHI $SNX $YFI $UMA $BNT $ADA $UST $ORION $STT $ANC $MIR $FLOKI $BOSON $CIFI $SOL $ADA $FTT $XRP $CRV $ENJ $CAKE $KCS $DOT $XLM https://t.co/WRXjR8sgeJ",2851415597,Romina Rojas,5061.0,high
1441070371365539840,2021-09-23 16:02:04,"Unusual #price #PUMP in $PYR-USDT on #KUCOIN

$PYR - $USDT pumped 14% on 1h interval.

$KUCOIN $crypto $BTC $ETH $DOGE

For latest alerts, checkout - https://t.co/3IyzDjtGmH
https://t.co/SvraYkN4IB",928538711398027264,Price Alerts,5802.0,high
1441070371348758534,2021-09-23 16:02:04,"Unusual #volume spike recorded in $GMEE-USDT on #KUCOIN

- 20 times (101,306 USD) the average volume in $GMEE - $USDT on 1h interval

$KUCOIN $crypto $BTC $ETH $DOGE

For latest alerts, checkout - https://t.co/rLLR03cU0l
https://t.co/940HebGZfL",904191421158010880,Volume Alerts,39622.0,high
1441070364306644998,2021-09-23 16:02:03,"$TCT
An unusual limit order (sell) added to the order book has been detected.
2021-09-23 4:02PM | $TCT @ 0.0000033 BTC | Qty: 1,047,731 | Value: 3.46 BTC | 400% away from the current price!
#TCT #BTC #cryptocurrency #Crypto",1377657927926943745,CryptoDev,2637.0,high
1441070340873068546,2021-09-23 16:01:57,"Bitcoin 24-hour social activity:
Galaxy Score‚Ñ¢ 65.5 out of 100
281,948 social posts
125,650 social contributors
22% social dominance
1,329,231,239 social engagements
62,528 shared links
83% bullish posts
https://t.co/HwT8UWTu7Z $btc #bitcoin https://t.co/rNV1YKkDsK",1155998361956171777,ü§ñLunarCRUSH Cryptobotü™ê,6741.0,high
1441070339161690117,2021-09-23 16:01:57,"$MATIC Rebound strong after plunge, but volume small, downtrend still exists, short-term attention to trend line pressure risk, long-term bullish. Support $1.16, pressure $1.32.@0xPolygon @Crypto_jy #BTC üßê https://t.co/txjdD4QKKO",1374759963114008579,Crypto Hunterüèπ,8028.0,high
1441070326750744590,2021-09-23 16:01:54,"üìä Bitcoin Network Status

Price: $43,815
Pooled Tx: 6,592
Avg. Block: 8 min 58 s (-10.34%)
Hash Rate: 166.21 EH/s
Difficulty: 18.9 T

„ÄêFTX BTC-HASH„Äë https://t.co/yK7LRWI6Kz",1152903281837875201,BTCÊÉÖÂ†±„Ç¢„É©„Éº„Éàüìä,32021.0,high
1441070315942129664,2021-09-23 16:01:51,"@JJcycles @Kr3py All refunds are paid for in virtual hugs and warzone losses only I'm afraid.

Can probably get you a W on CSGO though.",1008431216796798977,Charlie,32442.0,high
1441070283201318913,2021-09-23 16:01:43,@how1337itis @BTC_y_tho you you forgot what happened when he made all CT bullish mid may https://t.co/C8sKhFv2Rd,1269297067740012545,"KaminŒ© (3, 3)",3894.0,high
1441070281318076419,2021-09-23 16:01:43,"üü¢üü¢ Long $ONE  üü¢üü¢
Frame: 4h
Price: 0.15315
#BTC #ONE #BinanceFutures #botSignals https://t.co/5yK0ncEf8Z",1364954554215841809,Scalping Signals Bot,3280.0,high
1441070281154392075,2021-09-23 16:01:43,"üü¢üü¢ Long $XLM  üü¢üü¢
Frame: 4h
Price: 0.29647
#BTC #XLM #BinanceFutures #botSignals https://t.co/LUxKaSX9aE",1364954554215841809,Scalping Signals Bot,3280.0,high
1441070243057737729,2021-09-23 16:01:34,Bears üêªdefended the $BTC #Bitcoin run at $44.4k ...could see some chop here...if you are a ST trader ...you can make some money on it ! SCALP SHORT,2377034803,"8,731-541üéØ (96.6%) / #1 CRYPTO SIGNALSüåé/ DM WIN",7164.0,high
1441070210333614088,2021-09-23 16:01:26,"Current Deribit index prices:

 $BTC | $43817.06
 $ETH | $3097.76",1118481285641580544,Deribot,2543.0,high
1441070203236925443,2021-09-23 16:01:24,"üîî Big trade (BTC-PERPETUAL)
 $287,730 of $BTC sold at $43800.00
(23 Sep 2021 15:54:21 UTC)",1118481285641580544,Deribot,2543.0,high
1441070190989557770,2021-09-23 16:01:21,"$jar awful news, scam coin

$BTC $ETH $BNB $ADA $XRP $DOT $ICP $BCH $LTC $UNI $LINK $XLM $VET $SOL $ETC $EOS $THETA $ETC $TRX $FIL $SHIB $XMR $NEO $DOGE $MATIC $KSM $STRONG $SRX $PRE $KDA #Crypto #Altcoins #Blockchain https://t.co/Ct3wnQHXVM",299665753,Crypto Pumps üöÄüöÄ,7077.0,high
1441070187369926658,2021-09-23 16:01:21,"#Bhutan's Central Bank Partners with #Ripple to Pilot CBDC Trials 

BY: Wayne Jones

https://t.co/ph9icHuTE4 #Altcoin #XRP https://t.co/FEnsMBQNps",3428358964,BTCMANAGER,63111.0,high
1441070181967704065,2021-09-23 16:01:19,"BTC/USD Bounce From 40K, Fake-out or Shake-out? #Bitcoin via https://t.co/gwG7Duur7Z https://t.co/TCjw34HYpW",66002678,Chris Mentillo,14235.0,high
1441070161855868932,2021-09-23 16:01:15,"$WAVES supported by Fibonacci retracement around 0.618 and started to rally, but the volume is very low and no clear entry signal has been formed, keep watching.
Support 20.5
Pressure 26.5.
#BTC #altcoin https://t.co/66M1Yobiwi",1326748705265905667,Crypto Lewis üèπ,9878.0,high
1441070102795927557,2021-09-23 16:01:00,@BTC_y_tho @inversebrah *mutes smol ting*,64531419,SOŒõP ‚ùÅ,17634.0,high
1441070102519058434,2021-09-23 16:01:00,"Today‚Äôs #Bitcoin price update

Current price: $43,781
24h high: $44,340
24h low: $42,921

Brought to you by @Bitfinex

https://t.co/I71MJ3hLq7 https://t.co/UH7KqaTb6N",877155737713209344,BTC Times,102701.0,high
1441070075851640832,2021-09-23 16:00:54,"Unusual #volume spike recorded in $WAVESRUB on #BINANCE

- 3939 times (808,333 USD) the average volume in $WAVES - $RUB on 30m interval

$binance $bsc $crypto $BTC $ETH $DOGE

For latest alerts, checkout - https://t.co/rLLR03cU0l
https://t.co/EhYP92Mjjj",904191421158010880,Volume Alerts,39622.0,high
1441070075222630402,2021-09-23 16:00:54,"Liquidity Index for BTC Markets XRP/AUD (84-day moving trend)
Day progress: 67%
Today so far: -213,753
All Time High: 739,675
Data: https://t.co/zlBcWd0sYI https://t.co/A1g7ljdzVM",1186478483318300677,Liquidity Index Bot,7698.0,high
1441070041403957250,2021-09-23 16:00:46,"$LTC has broken below the Fibonacci retracement of 0.618 and is now close to reaching the bottom of the structural pressure ahead, so watch out for short-term risks. Support $145, pressure $165.@SatoshiLite #BTC üî• https://t.co/iKtz4grEz1",1374759963114008579,Crypto Hunterüèπ,8028.0,high
1441070020012937216,2021-09-23 16:00:41,"Swing üö•
$BTC üü° $43,757.42
$ETH üü° $3,093.17
$ADA üü° $2.21
$BNB üü° $373.6
$XRP üü° $0.9792
$DOGE üü¢ $0.2203
$SOL üü¢ $146.04
$DOT üü° $31.25
$UNI üü° $21.01
$LUNA üü¢ $35.97
Go https://t.co/xzqH6LyCnS for more #crypto #signals",1392291771707703297,Coin Trade Stop,3198.0,high
1441070016053514254,2021-09-23 16:00:40,"üî• Bullish MACD Cross on 4h timeframe:

CRV Super bullish üî•
FUN

[#BTC pairs]",857247108864368642,Cyclone Crypto Reversal,13673.0,high
1441070000765227015,2021-09-23 16:00:36,"ETH/BTC and ""La Resistance"" https://t.co/5sEj5LpNXr üåç Bittrex Global via ‚ü∂ https://t.co/2cRSy2B7Nw ‚àö https://t.co/UfYF49TFjz",15977038,Crypto Trader Pro üá∫üá∏,29117.0,high
1441069990786973697,2021-09-23 16:00:34,BTC bears in town? https://t.co/I4OXTzacXD üåç Bittrex Global via ‚ü∂ https://t.co/2cRSy2B7Nw ‚àö https://t.co/qU4f1tZG73,15977038,Crypto Trader Pro üá∫üá∏,29117.0,high
1441069987561570305,2021-09-23 16:00:33,Tune in now to The Market Report with crypto trader Eric Crown! Live every Thurdsay at 12pm ET. https://t.co/ot7B3abJxB,2207129125,Cointelegraph,1225515.0,high
1441069963402485763,2021-09-23 16:00:27,Buy #FTX Token ‚ù§Ô∏è Crypto name : $FTT #FTT üòâ giving you another signal.. #MercedesAMGF1 #GulGee #BinanceSmartChain #Binance #CoinMarketCap #Coinbase #CoinGecko #BTC #BNB #ETH #SOL #SHIBARMY #dogecoin #doge https://t.co/C1XEkBuVgq,1493015378,Gul Gee,3659.0,high
1441069953117921286,2021-09-23 16:00:25,"USD: 110.170
EUR: 129.300
GBP: 151.370
AUD:  80.380
NZD:  77.945
CNY:  17.057
CHF: 119.210
BTC: 4,824,394
ETH: 340,255
Thu Sep 23  16:00 GMT",14161068,JPY,15514.0,high
1441069951276789760,2021-09-23 16:00:24,"üêã #Crypto Whales vs. #Stablecoins üíµ

üö® Last 4 hours of #BTC-Exchange transactions üö®

For clarification:
#Crypto are ALL #cryptocurrencies incl. #Bitcoin 
#Stablecoins are for example: #USDT #USDC #BUSD #TUSD etc. without ANY #cryptocurrencies 

ü§ñ Automated-Tweet ü§ñ https://t.co/n849jddjMC",1315568371753259008,btcsentiment,7592.0,high
1441069934679924739,2021-09-23 16:00:20,"üì¢ #Robostopia Smart #CryptoCurrency Trader Bot for #Binance and #Bittrex
‚úÖ Trailing Stop-Loss, Buy or Sell #altcoins / BTC pairs.
‚úÖ Auto Renew Orders
‚úÖ Profit / Loss notifications by transactions.
‚úÖ Completed Order notifications and many more..
üëâ https://t.co/vtm2aTYKA0 https://t.co/2emmGLDDrv",921082875839119360,Robostopia‚Ñ¢,2533.0,high
1441069922952613888,2021-09-23 16:00:18,"Yo, forgot to say GM. Happy Friday Famüôåüèª #BTC

Still Long. But SL is tight and in profit (just below last low at $43.4k) so not too confident in another move up yet.",1130997943153111040,‚Çøitcoin Savage,12575.0,high
1441069910126256132,2021-09-23 16:00:15,"‚è∞ 19:00  
‚Çø Bitcoin = 43.811,39 $ 
#bitcoin #btc #BTCUSD",1094879552361373698,Kur Ne Oldu,5393.0,high
1441069902014603267,2021-09-23 16:00:13,"Wrong question: How do you use BTC to evade taxes?

Right question: How do you use BTC to create generational wealth?",57997841,Shehan,10699.0,high
1441069877641502720,2021-09-23 16:00:07,"Did you know that 65% of Crypto Sing Ups in India are coming from women in small cities? üòÆüòÆ

Where you at?!
#BTC #ETH #Cryptocurrency #Indian #News #InstaSwap",987818248820404224,InstaSwap,7870.0,high
1441069874403418116,2021-09-23 16:00:06,"Bitcoin - BTC
Price: $43,833.10
Change in 1h: -0.65059067%
Market cap: $825,117,297,777.05
Ranking: 1
#Bitcoin #BTC",726437948527398912,Topcrypostats,4460.0,high
1441069872520257541,2021-09-23 16:00:06,"$BTC: 43833.102 (1.39%)
$ETH: 3098.689 (2.97%)
$ADA: 2.216 (1.34%)
$BNB: 373.887 (1.04%)
$XRP: 0.982 (1.39%)
$SOL: 146.475 (3.52%)
$DOT: 31.304 (2.93%)
$DOGE: 0.221 (2.7%)
$AVAX: 73.803 (8.65%)
$LUNA: 36.054 (23.27%)",1006253589763969024,CryptoPricesDaily,1987.0,high
1441069869731041280,2021-09-23 16:00:05,"BTC: $43795.94, S: $ 27.07, G: $ 1,912.59 | Act: 20,175 Open: 7597 BTC: 42,850.2 | Total: $1,876,674,239 https://t.co/ElscGAhzWi #bitcoin",396288208,Uberbills.com,2469.0,high
1441069867151601671,2021-09-23 16:00:04,"#Cardano Elliott Wave Analysis üìà

Bullishness confirmed if the red opposing GZ breaks. Bitcoin and Ethereum must cooperate.

Please like and share if you appreciate this #Elliottwave analysis
https://t.co/tDvfdQFQ4l

#crypto #BTC #ETH #LTC #ADA #BTCUSD #Bitcoin https://t.co/Uoae2EbJIw",1283519791,Trading Surfers,7205.0,high
1441069864081182722,2021-09-23 16:00:04,"üîÑ Prices update in $USD | Last 1 hour

$BTC üî¥ - 43783.9 $  (-0.85 %)
$ETH üî¥ - 3094.31 $  (-1.34 %)
$ADA üî¥ - 2.22 $     (-1.24 %)
$BNB üî¥ - 373.6 $    (-1.45 %)",1024959511071797248,cryptosUSD,17821.0,high
1441069863565500422,2021-09-23 16:00:03,"Top 10 Mentions on Twitter in the last hour
$BTC $ETH $SOL $ADA $LUNA $DOGE $XTZ $ALGO $COTI $XRP

More on https://t.co/tg8IUtToIx üî• https://t.co/2LG1HlB1QW",734390196771381248,CoinTrendz.com,54505.0,high
1441069863242371077,2021-09-23 16:00:03,"üîÑ Prices update in $EUR | Last 1 hour

$BTC üî¥ - 37316.1  ‚Ç¨ (-0.79 %)
$ETH üî¥ - 2637.51  ‚Ç¨ (-1.22 %)
$ADA üî¥ - 1.89  ‚Ç¨    (-1.22 %)
$BNB üî¥ - 320.7  ‚Ç¨   (-1.44 %)",1025494047564226560,cryptosEUR,17837.0,high
1441069861690511364,2021-09-23 16:00:03,@G_maker @888Velvet @CryptoNewton @BTC_JackSparrow @MuroCrypto @CryptoNTez @ValCoins @JJcycles @jackis_trader @FeraSY1 @easyeight08 @CryptoBoss1984 @BullishKid @WiseAnalyze @___spiral____ ü¶ç I thought üêª,856067812124536832,King khan (üêê) üß≤,11918.0,high
1441069859832541186,2021-09-23 16:00:03,"BTW I've muted this thread. 

I don't care for people telling me I'm wrong without any evidence. 

Cope harder somewhere else. It's my opinion doesn't mean you have to agree with it. https://t.co/B7XhEV8nIL",970943229184086016,Crypto_y_tho .2.0.,11309.0,high
1441069859173920770,2021-09-23 16:00:02,"Bitmex:
OI: 643,739,500
Funding: -0.006%
24H Volume: 1,214,190,700

Bybit:
OI: 1,035,278,197
Funding: -0.0033%
24H Volume: 3,206,167,152

OKEX:
OI: 443,743
Funding: -0.0112%
24H Volume: 4,001,804

FTX:
OI: 37,745.4185 $BTC
Funding: -0.0009%
24H Volume: 77,505.3491 $BTC",968796006576947200,WhaleTrades üê≥,134212.0,high
1441069858716848128,2021-09-23 16:00:02,Current BTC Dominance: 41.95% #Bitcoin #Altcoin #Cryptocurrency,941278501302362114,BTC Dominance,3406.0,high
1441069854736453634,2021-09-23 16:00:01,$DAG $LTX $ADS wil outperform $ETH &amp; $BTC in Q4.,913374738071932933,hgtp://BigData‚ú®,2736.0,high
1441069853054484486,2021-09-23 16:00:01,Download the #BitQuark client at https://t.co/WKJTs5QmPD and start mining and trading today! #BTQ #BTC #QRK,2340798698,BitQuark,2546.0,high
1441069850227625986,2021-09-23 16:00:00,"DEADLINE FOR OUR VILA AIIRDROP IS FAST APPROACHING!!!‚†Ä‚†Ä‚†Ä‚†Ä
To Benefit:  Register on https://t.co/RgSH4YzolZ &amp; Verify your KYC to earn 40 VILA token ‚†Ä
VILA AIRDROP ENDS: September 30th, 2021‚†Ä
‚†Ä‚†Ä‚†Ä‚†Ä
#Crypto‚†Ä‚†Ä‚†Ä
#Blockchain‚†Ä‚†Ä‚†Ä
#Bitcoin‚†Ä‚†Ä‚†Ä
#Btc‚†Ä‚†Ä
#P2P https://t.co/fwso8qFXag",1035526141640159233,Blockvila Community,13504.0,high
1441069844179341312,2021-09-23 15:59:59,"Are you looking to offer crypto liquidity straight in your app?
 
At Fabriik, we offer instant access to diverse pools of liquidity including #BSV, #BTC, #ETH &amp; more, through our easy-to-use, reliable, 24/7 API. üôÇ

Learn more today at the link below. https://t.co/gqPkxvp4yG",1226278989259591680,fabriik,3244.0,high
1441069838072430592,2021-09-23 15:59:57,$ALGO It goes to 3$ if $btc stays cool https://t.co/prHfOnjVRh,1269297067740012545,"KaminŒ© (3, 3)",3894.0,high
1441069805864292357,2021-09-23 15:59:50,@BlackLemonwtf @SuperRare @macomoroni Look rare üëÄ,1017272628900388864,FinnBTC,7532.0,high
1441069799656804353,2021-09-23 15:59:48,"The $BTC price is at $43754.96 right now.
üî¥ Compared to the last tweet, the price has dropped by $129.41 (-0.29%).
üü¢ In the last 24 hours the price has increased by $505.17 (1.17%).

#Bitcoin #BTC",1347927540988571649,Bitcoin updates,2894.0,high
1441069773891129347,2021-09-23 15:59:42,I‚Äôm formally filing a complaint to the @SECGov  about  @GaryGensler offering financial advice as an unregistered financial advisor. #btc https://t.co/SCOHmM5uqY,1164072678,Coop,4105.0,high
1441069666579845124,2021-09-23 15:59:16,"üêãüìà„ÄêBuy„Äë BTC-PERP
QtyÔºö$1,966,383Ôºà44.8 BTCÔºâüê≥üê≥üê≥
PriceÔºö$43,800
[15:59:16 UTC] on FTX",1086688639621316608,BTC Market Alertüö®,25517.0,high
1441069665288081408,2021-09-23 15:59:16,"üìâüí∂$3,357,480 $BTC SHORTED @$43800.0 [23/09/21 15:59:16]
üè™FTX | BTC-PERP

üó£Ô∏èIn Brazil we are concerned with Japanese whales. - mao7",968796006576947200,WhaleTrades üê≥,134212.0,high
1441069663593566208,2021-09-23 15:59:16,"$FUN
An unusual limit order (sell) removed from the order book has been detected.
2021-09-23 3:59PM | $FUN @ 0.00000225 BTC | Qty: -5,000,000 | Value: -11.25 BTC | 389% away from the current price!
#FUN #BTC #cryptocurrency #Crypto",1377657927926943745,CryptoDev,2637.0,high
1441069657927028736,2021-09-23 15:59:14,@Franklin0653 @mblair @gilnovus1 @realMeetKevin @elonmusk @CEOAdam #Dogecoin community‚Äôs goal is for $DOGE to be the world currency.  Not something only held by the few and powerful - which BTC and ETH has become,814141049383727105,waywayoutwest üß¢üêï,1997.0,high
1441069608077705231,2021-09-23 15:59:03,"S&amp;P500 bouncing back hard from the 100MA. Crypto not recovering like that.

Either the SP500 is baiting investors for exit liquidity or $BTC is being accumulated and trying to scare you out. Pick your syringe and apply your hopium of choice. https://t.co/ULTDbvkBzS",4654719101,Ape/rture,13031.0,high
1441069573197946884,2021-09-23 15:58:54,@mrk4m1 Irish meat cooked in Italy :),73159668,ü§å üü© MIR ‚ö° ü§å,36053.0,high
1441069382533218304,2021-09-23 15:58:09,"I mean, dang, putting out these arrows 11 days ago.. üëÄüëäü¶æ

$BTC #CTM https://t.co/Cn6nF9rnGE",31346465,Jesse Olson,3733.0,high
1441069381639888896,2021-09-23 15:58:09,"Another Potential Unfriendly Crypto Regulator, Mercedes FTX + More News #crypto #btc https://t.co/Bse6Q7qllk",4777121181,Niklas Feurstein,7703.0,high
1441069378901000193,2021-09-23 15:58:08,Tiger Jackpot is now over 4500 $ICX and the Frog Jackpot has already grown to over 700 $ICX after being hit for over 3000 $ICX!! Go to https://t.co/iObVM06pa9 for your chance at one of these JACKPOTS!! $TAP $ICE $BTC $ETH $BALN $OMM $DOT $LINK $XRP $ATOM https://t.co/tnGTc2ezDS,1142121597643317248,ICONbet,2457.0,high
1441069349322715143,2021-09-23 15:58:01,"Top 5 Mentions Updated Every 15 Minutes

  [BETA STAGE] Except BTC and ETH  

  1- $CELR:491141 point üöÄ

  2- $SOL:429247 point üöÄ

  3- $SNX:211635 point üöÄ

  4- $COMP:149917 point üöÄ

  5- $OCEAN:129980 point üöÄ",2857923496,Crypto Trendin,9381.0,high
1441069260009181191,2021-09-23 15:57:40,"1 #BTC price in december ü§îüëá

#Bitcoin #cryptocurrency #cryptocurrencies #market #cryptotrading #Price #priceaction",1375101951399067649,The gem hunter,45312.0,high
1441069241533358088,2021-09-23 15:57:35,"The argument from the bears was: THE STOCKMARKET WILL COLLAPSE DUE TO EVERGRANDE (Resulting in #BTC to crash). 

Well, what is your argument now? Evergrande can pay their bills. And now the S&amp;P500 is showing clear strength on the chart what will help #BTC eventually.",1353384573435056128,Crypto Rover,14044.0,high
1441069216086597633,2021-09-23 15:57:29,"Bitcoin &amp; Ethereum Having Strong Recoveries (Fed Commits To Printing) https://t.co/SKbBz1BIqw via @YouTube #Bitcoin #Etherum #Blockchain #Cryptocurrency #dapps #NFT #altcoin #DeFi
#BTC #ETH #BCH #ETC #XRP #FIL #MIOTA #DASH #DOGE #LTC #BNB #ZEC #SOL",586887461,@mariuskarma,6002.0,high
1441069116643758080,2021-09-23 15:57:05,@bimmybells Nice reading skills. Q4 is historically bad for alts.,970943229184086016,Crypto_y_tho .2.0.,11309.0,high
1441069108347297798,2021-09-23 15:57:03,https://t.co/AlfFkS39z9 heres the link. she accepts BTC donations. you know what to do. https://t.co/oATRnrNEyO,341874816,Eric/,26455.0,high
1441069097685561346,2021-09-23 15:57:01,"BTC/USD | $BTCUSD | $BTC $USD

JICPT| Strong holder zone works for BTC, what's next?

Long or short it with BTC on Trade8: https://t.co/4Ju6zFUOyv https://t.co/vuctSTBbKf",1067310570695577600,Crypto Blitz,6813.0,high
1441069081210277888,2021-09-23 15:56:57,"$BTC
still waiting to buy at blue box https://t.co/WV1lSkxtOB",1185618800886079488,CROW,6427.0,high
1441069016173498372,2021-09-23 15:56:41,"Bitcoin‚Äôs Perpetual Swap Open Interest Slips below $11B for the First Time Since August - https://t.co/Q0rr8edBEc

$BTC $ETH $ADA $DOGE $LTC $DOT $MATIC $VRA $TEL #crypto #cryptocurrency https://t.co/tuOraIgDwb",1372592594262364167,Crypto News Network,6132.0,high
1441069010431332362,2021-09-23 15:56:40,"A #bitcoin Burning Man, where the price of entry is X about of $BTC on an @OPENDIME that is later ceremonially ""burned"" in a massive bonfire.",144948091,Don Jon the CarlKing üê±üëë,2416.0,high
1441068921075941380,2021-09-23 15:56:19,@inversebrah *mutes thread*,970943229184086016,Crypto_y_tho .2.0.,11309.0,high
1441068868219310085,2021-09-23 15:56:06,"users can even earn money off their excess bandwidth. imagine your VPN paying for itself. ü§Ø

Sentinel is built on cosmos ($ATOM) which imo is good cause the interoperability of the network allows users and validators to transact using other currencies like #BTC, $ETH and more ü§∑‚Äç‚ôÇÔ∏è https://t.co/pRjPQDwB7b",752747080066723840,$DOGE TO $3 üåäüåäüåä (69 IQ),160883.0,high
1441068832542560256,2021-09-23 15:55:58,@how1337itis You trust that guy? really? He basically dumps on CT on the regular,970943229184086016,Crypto_y_tho .2.0.,11309.0,high
1441068813831770112,2021-09-23 15:55:53,"@Btc_grinder @novacryptoo @ChronosAion A yea thats true

@novacryptoo you hace 6 hours to send a good collection of FRESH nudes in my dms or your going back on blocked.",1105248273714024448,kasperbitüêß,3224.0,high
1441068800976334851,2021-09-23 15:55:50,"#BitMart Crypto Watchüîç Sept. 22

$BTC bounces again after briefly losing $40K support 

#Altcoins see a 35% bounce after $BTC reclaims $43,000.

Sports-themed #NFTs spark gold rush as projects raise $930M in a week

üëâTag you pals who need to see this üëÄ

#crypto #blockchain https://t.co/MHti0Q4TJd",937166242208763904,BitMart.Exchange,270926.0,high
